[{"pos_x": 85.979, "pos_y": -56.515, "rotation": 90.0, "side": "top", "designator": "J2", "mpn": null, "pack": "PinHeader_1x03_P2.54mm_Vertical", "value": "POW SEL", "mount_type": "tht", "place": true}, {"pos_x": 98.425, "pos_y": -56.388, "rotation": 90.0, "side": "top", "designator": "J5", "mpn": null, "pack": "PinSocket_1x14_P2.54mm_Vertical", "value": "PANEL/RF", "mount_type": "tht", "place": true}, {"pos_x": 78.613, "pos_y": -62.86, "rotation": 0.0, "side": "top", "designator": "J1", "mpn": null, "pack": "PinHeader_1x02_P2.54mm_Vertical", "value": "VIN", "mount_type": "tht", "place": true}, {"pos_x": 82.423, "pos_y": -67.818, "rotation": 90.0, "side": "top", "designator": "U1", "mpn": null, "pack": "MODULE16P-2.54-22.5X18.4MM", "value": "MOUDLE-ESP32C3-Super-mini", "mount_type": "tht", "place": true}, {"pos_x": 136.271, "pos_y": -76.708, "rotation": -90.0, "side": "top", "designator": "J3", "mpn": null, "pack": "PinHeader_1x07_P2.54mm_Vertical", "value": "Si5351a", "mount_type": "tht", "place": true}, {"pos_x": 78.613, "pos_y": -70.0135, "rotation": -90.0, "side": "bottom", "designator": "D1", "mpn": null, "pack": "D_1206_3216Metric_Pad1.42x1.75mm_HandSolder", "value": "1N4001", "mount_type": "smt", "place": true}, {"pos_x": 111.965, "pos_y": -76.85, "rotation": 90.0, "side": "bottom", "designator": "J4", "mpn": null, "pack": "PinHeader_1x04_P2.54mm_Vertical", "value": "i2c", "mount_type": "tht", "place": true}, {"pos_x": 89.154, "pos_y": -64.516, "rotation": 0.0, "side": "bottom", "designator": "C1", "mpn": null, "pack": "C_0805_2012Metric_Pad1.18x1.45mm_HandSolder", "value": "0.1u", "mount_type": "smt", "place": true}, {"pos_x": 117.364, "pos_y": -60.325, "rotation": 0.0, "side": "bottom", "designator": "R3", "mpn": null, "pack": "R_0805_2012Metric_Pad1.20x1.40mm_HandSolder", "value": "33", "mount_type": "smt", "place": true}, {"pos_x": 152.003, "pos_y": -66.675, "rotation": 0.0, "side": "bottom", "designator": "R2", "mpn": null, "pack": "R_0805_2012Metric_Pad1.20x1.40mm_HandSolder", "value": "330", "mount_type": "smt", "place": true}, {"pos_x": 78.975, "pos_y": -76.0, "rotation": 0.0, "side": "bottom", "designator": "H1", "mpn": null, "pack": "MountingHole_3.2mm_M3", "value": "MH", "mount_type": "tht", "place": true}, {"pos_x": 117.4535, "pos_y": -63.881, "rotation": 0.0, "side": "bottom", "designator": "C3", "mpn": null, "pack": "C_0805_2012Metric_Pad1.18x1.45mm_HandSolder", "value": "0.22u", "mount_type": "smt", "place": true}, {"pos_x": 152.003, "pos_y": -70.485, "rotation": 180.0, "side": "bottom", "designator": "R1", "mpn": null, "pack": "R_0805_2012Metric_Pad1.20x1.40mm_HandSolder", "value": "2k", "mount_type": "smt", "place": true}, {"pos_x": 151.638, "pos_y": -76.0, "rotation": 0.0, "side": "bottom", "designator": "H2", "mpn": null, "pack": "MountingHole_3.2mm_M3", "value": "MH", "mount_type": "tht", "place": true}, {"pos_x": 106.1505, "pos_y": -60.325, "rotation": 0.0, "side": "bottom", "designator": "C7", "mpn": null, "pack": "C_0805_2012Metric_Pad1.18x1.45mm_HandSolder", "value": "10u", "mount_type": "smt", "place": true}, {"pos_x": 105.426, "pos_y": -72.136, "rotation": 180.0, "side": "bottom", "designator": "R11", "mpn": null, "pack": "R_0805_2012Metric_Pad1.20x1.40mm_HandSolder", "value": "100", "mount_type": "smt", "place": true}, {"pos_x": 140.589, "pos_y": -75.692, "rotation": -90.0, "side": "bottom", "designator": "D3", "mpn": null, "pack": "LED_D3.0mm_Clear", "value": "LED", "mount_type": "tht", "place": true}, {"pos_x": 136.541, "pos_y": -56.96, "rotation": 0.0, "side": "bottom", "designator": "R6", "mpn": null, "pack": "R_0805_2012Metric_Pad1.20x1.40mm_HandSolder", "value": "220k", "mount_type": "smt", "place": true}, {"pos_x": 140.439, "pos_y": -72.572, "rotation": 0.0, "side": "bottom", "designator": "SW1", "mpn": null, "pack": "SW_PUSH_6mm", "value": "FREQ", "mount_type": "tht", "place": true}, {"pos_x": 112.0355, "pos_y": -60.325, "rotation": 0.0, "side": "bottom", "designator": "C2", "mpn": null, "pack": "C_0805_2012Metric_Pad1.18x1.45mm_HandSolder", "value": "0.22u", "mount_type": "smt", "place": true}, {"pos_x": 78.975, "pos_y": -57.21, "rotation": 0.0, "side": "bottom", "designator": "H4", "mpn": null, "pack": "MountingHole_3.2mm_M3", "value": "MH", "mount_type": "tht", "place": true}, {"pos_x": 122.925, "pos_y": -69.175, "rotation": 0.0, "side": "bottom", "designator": "SW3", "mpn": null, "pack": "RotaryEncoder_Alps_EC11E-Switch_Vertical_H20mm_CircularMountingHoles", "value": "RE_Sw", "mount_type": "tht", "place": true}, {"pos_x": 105.0939, "pos_y": -65.786, "rotation": 0.0, "side": "bottom", "designator": "C5", "mpn": null, "pack": "CP_Radial_D5.0mm_P2.50mm", "value": "10u", "mount_type": "tht", "place": true}, {"pos_x": 152.273, "pos_y": -63.246, "rotation": 180.0, "side": "bottom", "designator": "C6", "mpn": null, "pack": "C_0805_2012Metric_Pad1.18x1.45mm_HandSolder", "value": "0.1u", "mount_type": "smt", "place": true}, {"pos_x": 141.081, "pos_y": -57.023, "rotation": 0.0, "side": "bottom", "designator": "R5", "mpn": null, "pack": "R_0805_2012Metric_Pad1.20x1.40mm_HandSolder", "value": "110k", "mount_type": "smt", "place": true}, {"pos_x": 117.237, "pos_y": -67.564, "rotation": 0.0, "side": "bottom", "designator": "R7", "mpn": null, "pack": "R_0805_2012Metric_Pad1.20x1.40mm_HandSolder", "value": "2.2k", "mount_type": "smt", "place": true}, {"pos_x": 115.737, "pos_y": -72.136, "rotation": 0.0, "side": "bottom", "designator": "C9", "mpn": null, "pack": "CP_Radial_D5.0mm_P2.50mm", "value": "100u", "mount_type": "tht", "place": true}, {"pos_x": 145.526, "pos_y": -57.023, "rotation": 0.0, "side": "bottom", "designator": "R4", "mpn": null, "pack": "R_0805_2012Metric_Pad1.20x1.40mm_HandSolder", "value": "10k", "mount_type": "smt", "place": true}, {"pos_x": 83.566, "pos_y": -64.516, "rotation": 0.0, "side": "bottom", "designator": "C4", "mpn": null, "pack": "C_0805_2012Metric_Pad1.18x1.45mm_HandSolder", "value": "0.1u", "mount_type": "smt", "place": true}, {"pos_x": 140.514, "pos_y": -64.988, "rotation": 0.0, "side": "bottom", "designator": "SW2", "mpn": null, "pack": "SW_PUSH_6mm", "value": "VOL", "mount_type": "tht", "place": true}, {"pos_x": 145.542, "pos_y": -75.692, "rotation": -90.0, "side": "bottom", "designator": "D2", "mpn": null, "pack": "LED_D3.0mm_Clear", "value": "LED", "mount_type": "tht", "place": true}, {"pos_x": 110.7655, "pos_y": -72.136, "rotation": 0.0, "side": "bottom", "designator": "C8", "mpn": null, "pack": "C_0805_2012Metric_Pad1.18x1.45mm_HandSolder", "value": "0.1u", "mount_type": "smt", "place": true}, {"pos_x": 151.638, "pos_y": -57.21, "rotation": 0.0, "side": "bottom", "designator": "H3", "mpn": null, "pack": "MountingHole_3.2mm_M3", "value": "MH", "mount_type": "tht", "place": true}, {"pos_x": 112.157, "pos_y": -63.881, "rotation": 0.0, "side": "bottom", "designator": "R8", "mpn": null, "pack": "R_0805_2012Metric_Pad1.20x1.40mm_HandSolder", "value": "2.2k", "mount_type": "smt", "place": true}, {"pos_x": 111.9925, "pos_y": -67.437, "rotation": 0.0, "side": "bottom", "designator": "C10", "mpn": null, "pack": "C_0805_2012Metric_Pad1.18x1.45mm_HandSolder", "value": "0.1u", "mount_type": "smt", "place": true}, {"pos_x": 94.361, "pos_y": -64.516, "rotation": 0.0, "side": "bottom", "designator": "R10", "mpn": null, "pack": "R_0805_2012Metric_Pad1.20x1.40mm_HandSolder", "value": "10k", "mount_type": "smt", "place": true}, {"pos_x": 99.584, "pos_y": -64.643, "rotation": 180.0, "side": "bottom", "designator": "R9", "mpn": null, "pack": "R_0805_2012Metric_Pad1.20x1.40mm_HandSolder", "value": "10k", "mount_type": "smt", "place": true}]